user,status,count
ml796thu,pending,53
ms558xza,pending,29
cm308wco,pending,4
ip225hfa,pending,4
my814hik,pending,2
hq634gij,pending,1
pl788pwi,pending,1
kb833sze,pending,1
lx684qru,pending,1
nz559nsi,pending,1
ak465bro,pending,1
ms558xza,running,37
kb833sze,running,24
ti206dap,running,6
be691det,running,5
aw310vdu,running,3
ky758zce,running,1
dn152gxy,running,1
my814hik,running,1
ky317kcu,running,1
mm090mma,running,1
je188blo,running,1
as612gri,running,1
su832kyv,running,1
di328kep,running,1
ip225hfa,running,1
